run,label,full_sample_count,full_selection_metric,full_selected_checkpoint_step,full_selected_value,full_total_loss,full_recon_loss,full_recon_weighted_loss,full_anchor_loss,full_anchor_weighted_loss,full_bdsp_loss,full_bdsp_weighted_loss,full_smooth_loss,full_smooth_weighted_loss
BDDnight_0.3r_0.05anchorv2_0.05bdsp_0.1smv1_20260716-102043,r0.3-a2-sm0.1v1,3929,total_loss,10000,0.006537249148959617,0.006537249148959617,0.006236947429470469,0.0018710843051259174,0.032369980891964065,0.0016184990724738802,0.051811643307955096,0.002590582211928328,0.004570835546255453,0.00045708356217594853
BDDnight_0.3r_0.05anchorv2_0.05bdsp_0.5smv1_20260716-123043,r0.3-a2-sm0.5v1,3929,total_loss,10000,0.007828976373743104,0.007828976373743104,0.009001591496243523,0.0027004775588113134,0.028436089658455014,0.0014218045085628622,0.054676983497902225,0.0027338492228479124,0.00194569014930862,0.00097284507465431
BDDnight_1.0r_0.05anchorv2_0.05bdsp_0.0smv1_20260715-233953,r1-a2-sm0v1,3929,total_loss,10000,0.00954168740390677,0.00954168740390677,0.003551824143989361,0.003551824143989361,0.04638473213394048,0.002319236643408295,0.07341253094339104,0.0036706266083609295,,
BDDnight_1.0r_0.05anchorv2_0.05bdsp_0.1smv1_20260716-060543,r1-a2-sm0.1v1,3929,total_loss,10000,0.010109085442446653,0.010109085442446653,0.003581836367261587,0.003581836367261587,0.04875776098486909,0.0024378880927517924,0.07116626612282673,0.0035583133635993646,0.00531047604078288,0.0005310476135301811
BDDnight_1.0r_0.05anchorv2_0.05bdsp_0.5smv1_20260716-081309,r1-a2-sm0.5v1,3929,total_loss,10000,0.01173118590743495,0.01173118590743495,0.003776435276704868,0.003776435276704868,0.05106303031627657,0.0025531515595177225,0.06592766446606382,0.0032963832731522976,0.004210431512682723,0.0021052157563413616
